district,day,date,cells,cells_green,cells_yellow,cells_orange,cells_red,red_share,orange_or_red_share,max_alert,max_prob,mean_prob,expected_reported_cells,mean_rain_mm,max_rain_mm,cells_p1,cells_p2,cells_p3,p1_share,priority_share,impact0_share,top_place,top_place_priority
Almora,1,2025-07-06,49810,44711,5092,7,0,0,0.00014,orange,5.51107e-06,3.94758e-08,0.002,17.85,68.7,0,2,1273,0,0.0256,0.17468,secondary road near Sail,3
Bageshwar,1,2025-07-06,36346,24001,9815,2463,67,0.00184,0.06961,red,3.47264e-05,4.76554e-07,0.0173,14.27,33.3,25,1028,3253,0.00069,0.11847,0.19964,unclassified road near Rikhari,1
Chamoli,1,2025-07-06,126435,111941,13979,505,10,8e-05,0.00407,red,3.47264e-05,7.1536e-08,0.009,4.05,33.5,0,162,4858,0,0.0397,0.45615,NH7 near Pokhani,2
Champawat,1,2025-07-06,27999,27999,0,0,0,0,0,green,6.3718e-08,1.10363e-09,0,1.22,14.1,0,0,0,0,0,0.32001,NH9 near Swala,0
Dehradun,1,2025-07-06,50249,50042,202,5,0,0,0.0001,orange,4.70391e-06,5.15244e-09,0.0003,0.43,5.1,0,0,11,0,0.00022,0.29155,NH507 near Kandoll,3
Haridwar,1,2025-07-06,37132,37132,0,0,0,0,0,green,6.3718e-08,1.42275e-09,0.0001,5.48,27.3,0,0,0,0,0,0.50727,Har Ki Pauri,0
Nainital,1,2025-07-06,64594,61541,2993,60,0,0,0.00093,orange,5.86842e-06,2.31165e-08,0.0015,2.03,19.1,0,11,560,0,0.00884,0.45065,NH109 near Garampani,2
Pauri Garhwal,1,2025-07-06,84623,78807,5569,247,0,0,0.00292,orange,7.80754e-06,5.24549e-08,0.0044,18.16,67.4,0,41,633,0,0.00796,0.31412,NH534 Meerut-Pauri Highway near Jamargadi,2
Pithoragarh,1,2025-07-06,115816,114509,1301,6,0,0,5e-05,orange,5.86842e-06,7.89873e-09,0.0009,6.67,35.9,0,1,179,0,0.00155,0.4546,Gaula,2
Rudraprayag,1,2025-07-06,30986,25275,4610,1081,20,0.00065,0.03553,red,3.47264e-05,2.58058e-07,0.008,14.14,59.4,5,120,1282,0.00016,0.04541,0.30514,Chilond,1
Tehri Garhwal,1,2025-07-06,62738,60483,2200,55,0,0,0.00088,orange,5.86842e-06,2.58972e-08,0.0016,5.94,48.2,0,21,699,0,0.01148,0.19149,NH7 near Dhunargaon,2
Udham Singh Nagar,1,2025-07-06,42573,42573,0,0,0,0,0,green,4.71179e-09,3.65004e-10,0,1.13,16.1,0,0,0,0,0,0.36692,Bajpur,0
Uttarkashi,1,2025-07-06,129701,125738,3908,40,15,0.00012,0.00042,red,2.80633e-05,1.67089e-08,0.0022,1.45,20.1,15,26,1408,0.00012,0.01117,0.50481,Kutnaur,1
Uttarakhand (state),1,2025-07-06,859002,804752,49669,4469,112,0.00013,0.00533,red,3.47264e-05,5.50929e-08,0.0473,6.6,68.7,45,1412,14156,5e-05,0.01818,0.38065,unclassified road near Rikhari,1
Almora,2,2025-07-07,49810,34122,15345,340,3,6e-05,0.00689,red,1.32034e-05,1.41195e-07,0.007,8.51,40.9,1,68,4165,2e-05,0.085,0.17468,Tota AM,1
Bageshwar,2,2025-07-07,36346,17390,17437,1457,62,0.00171,0.04179,red,3.47264e-05,4.37183e-07,0.0159,8.78,35.3,27,549,5562,0.00074,0.16888,0.19964,Rikhari,1
Chamoli,2,2025-07-07,126435,94735,28879,2082,739,0.00584,0.02231,red,3.47264e-05,3.21454e-07,0.0406,10.56,49.9,303,1170,12301,0.0024,0.10894,0.45615,NH7 near Bajani,1
Champawat,2,2025-07-07,27999,27316,683,0,0,0,0,yellow,1.00757e-06,9.54197e-09,0.0003,3.92,31.9,0,0,207,0,0.00739,0.32001,NH9 near Ghat,3
Dehradun,2,2025-07-07,50249,46718,3010,480,41,0.00082,0.01037,red,3.47264e-05,9.06593e-08,0.0046,28.93,84.5,0,30,426,0,0.00907,0.29155,Swargashram,2
Haridwar,2,2025-07-07,37132,33584,3285,262,1,3e-05,0.00708,red,8.98699e-06,7.42246e-08,0.0028,20.39,50.2,0,0,30,0,0.00081,0.50727,Har Ki Pauri,3
Nainital,2,2025-07-07,64594,56073,8093,411,17,0.00026,0.00663,red,3.47264e-05,8.69598e-08,0.0056,1.98,24.9,3,45,1378,5e-05,0.02208,0.45065,NH109 near Garampani,1
Pauri Garhwal,2,2025-07-07,84623,20120,43423,16232,4848,0.05729,0.2491,red,3.47264e-05,2.37858e-06,0.2013,32.12,86.8,724,3755,14517,0.00856,0.22448,0.31412,sarranu,1
Pithoragarh,2,2025-07-07,115816,89463,25300,1047,6,5e-05,0.00909,red,2.47748e-05,1.48516e-07,0.0172,11.43,44.6,4,365,8837,3e-05,0.07949,0.4546,Dhārchula,2
Rudraprayag,2,2025-07-07,30986,11809,13603,4191,1383,0.04463,0.17989,red,3.47264e-05,1.73164e-06,0.0537,34.44,68.7,634,2114,6669,0.02046,0.30391,0.30514,NH7 near diji,1
Tehri Garhwal,2,2025-07-07,62738,30585,27266,4296,591,0.00942,0.0779,red,3.47264e-05,7.26677e-07,0.0456,33.24,83.8,219,1937,12727,0.00349,0.23722,0.19149,NH7 near Kaudiyala,1
Udham Singh Nagar,2,2025-07-07,42573,42573,0,0,0,0,0,green,3.04942e-08,3.76599e-10,0,6.71,31.9,0,0,0,0,0,0.36692,Bajpur,0
Uttarkashi,2,2025-07-07,129701,120353,9238,95,15,0.00012,0.00085,red,3.0454e-05,3.13223e-08,0.0041,12.68,55.4,11,45,3788,8e-05,0.02964,0.50481,Mandav,2
Uttarakhand (state),2,2025-07-07,859002,624841,195562,30893,7706,0.00897,0.04493,red,3.47264e-05,4.63993e-07,0.3986,15.89,86.8,1926,10078,70607,0.00224,0.09617,0.38065,NH7 near diji,1
Almora,3,2025-07-08,49810,4354,27174,15822,2460,0.04939,0.36703,red,3.47264e-05,2.68331e-06,0.1337,11.87,38.2,573,5377,13749,0.0115,0.39548,0.17468,SH-12 Bhatrojkhan Chaukhutiya Road near Jainal,1
Bageshwar,3,2025-07-08,36346,4390,8972,10745,12239,0.33674,0.63237,red,3.47264e-05,8.90194e-06,0.3235,44.58,116.5,3859,8828,7300,0.10617,0.54991,0.19964,NH109K near deol chaunra,1
Chamoli,3,2025-07-08,126435,66536,23316,18511,18072,0.14294,0.28934,red,3.47264e-05,3.51292e-06,0.4442,31.97,78.6,7852,13363,13320,0.0621,0.27314,0.45615,Gopeshwar,1
Champawat,3,2025-07-08,27999,19875,7550,551,23,0.00082,0.0205,red,2.28847e-05,2.07785e-07,0.0058,15.91,36.3,13,204,1398,0.00046,0.05768,0.32001,NH9 near Ghat,1
Dehradun,3,2025-07-08,50249,41707,6554,1473,515,0.01025,0.03956,red,3.47264e-05,4.00381e-07,0.0201,2.07,15.2,26,275,1502,0.00052,0.03588,0.29155,Har Ki Pauri,2
Haridwar,3,2025-07-08,37132,32701,2839,1186,406,0.01093,0.04287,red,3.47264e-05,3.72197e-07,0.0138,2.77,10.5,0,9,86,0,0.00256,0.50727,Har Ki Pauri,2
Nainital,3,2025-07-08,64594,42230,12173,6539,3652,0.05654,0.15777,red,3.47264e-05,2.15916e-06,0.1395,35.74,66.3,199,1693,4913,0.00308,0.10535,0.45065,NH109 near Garampani,1
Pauri Garhwal,3,2025-07-08,84623,2954,16054,34765,30850,0.36456,0.77538,red,3.47264e-05,1.03765e-05,0.8781,9.23,53.8,4099,16032,22747,0.04844,0.50669,0.31412,NH7 near Kaudiyala,1
Pithoragarh,3,2025-07-08,115816,69165,14768,16722,15161,0.13091,0.27529,red,3.47264e-05,3.31451e-06,0.3839,23.6,109.3,5063,12038,12334,0.04372,0.25415,0.4546,Dhārchula,1
Rudraprayag,3,2025-07-08,30986,4100,6684,6708,13494,0.43549,0.65197,red,3.47264e-05,1.11437e-05,0.3453,35.72,71.4,5906,6306,4366,0.1906,0.53502,0.30514,NH7 near Khankara,1
Tehri Garhwal,3,2025-07-08,62738,13113,18699,19793,11133,0.17745,0.49294,red,3.47264e-05,4.76571e-06,0.299,11.79,50.1,4726,11890,14629,0.07533,0.49802,0.19149,NH7 near Kauriala,1
Udham Singh Nagar,3,2025-07-08,42573,42384,187,2,0,0,5e-05,orange,4.50503e-06,3.47477e-09,0.0001,33.61,75.1,0,0,4,0,9e-05,0.36692,Patrampur,3
Uttarkashi,3,2025-07-08,129701,102373,21575,4609,1144,0.00882,0.04436,red,3.47264e-05,4.05887e-07,0.0526,9.93,52.2,593,2081,9056,0.00457,0.09044,0.50481,Mandav,1
Uttarakhand (state),3,2025-07-08,859002,445882,166545,137426,109149,0.12706,0.28705,red,3.47264e-05,3.53857e-06,3.0396,20.13,116.5,32909,78096,105404,0.03831,0.25193,0.38065,Dhārchula,1
