rank,district_rank,in_state_top,in_district_top,place,district,priority,alert,prob,impact_score,impact_class,risk,people_in_path,exposed,road,road_cut_off,road_detour,road_note,cells,p1_cells,red_cells,factors,cell_id,lon,lat
1,1,True,True,Dhārchula,Pithoragarh,0,green,5.3477e-08,6651.3,4,0.000355693,6314,homes,,0,0,,146,0,0,"slope, terrain susceptibility (Stage 1), rain in the 2 days before",1018025,80.5432,29.8488
2,2,True,True,NH9 near Kulagad,Pithoragarh,3,yellow,4.66184e-07,484.4,3,0.000225836,0,lifeline road,NH9,18252,657,"Khela 1,574: plains cut off; Pangu 625: plains cut off",703,0,0,"terrain susceptibility (Stage 1), rain in the 2 days before, rain in the last 1 to 2 weeks",986388,80.5714,29.9008
3,3,True,True,NH9 near Nigalpani,Pithoragarh,3,green,5.3477e-08,2791.2,4,0.000149265,1294,"lifeline road, homes",NH9,46611,0,"Khalanga 24,379: plains cut off; Khela 1,574: plains cut off",848,0,0,"terrain susceptibility (Stage 1), rain in the 2 days before, rain in the last 1 to 2 weeks",1029023,80.5174,29.8307
4,1,True,True,Chilond,Rudraprayag,3,yellow,7.79635e-07,145.4,3,0.000113372,103,"homes, lifeline road",track road,1601,0,"Jal Malla 578: health cut off, plains cut off; Chilond 273: health cut off, plains cut off",33,0,0,"terrain susceptibility (Stage 1), rain in the 2 days before, slope",549624,79.0768,30.6025
5,1,True,True,NH7 near Pokhani,Chamoli,0,green,6.3718e-08,1388.5,4,8.8471e-05,0,lifeline road,NH7,47106,0,"Joshīmath 11,840: plains cut off; Badrinath 7,170: plains cut off",3174,0,0,"terrain susceptibility (Stage 1), slope, rain on the day",635071,79.431,30.4674
6,4,True,True,Didihat,Pithoragarh,0,green,5.3477e-08,1266.8,4,6.77427e-05,1259,homes,,0,0,,32,0,0,"rain in the 2 days before, slope, terrain susceptibility (Stage 1)",1046809,80.2537,29.8002
7,1,True,True,NH534 Meerut-Pauri Highway near Aldāba,Pauri Garhwal,0,green,5.3477e-08,1246.7,4,6.66715e-05,0,lifeline road,NH534 Meerut-Pauri Highway,0,276078,"Lansdowne 5,462: plains +19.9 km; Pauri 16,050: plains +7.2 km",426,0,0,"terrain susceptibility (Stage 1), rain on the day, slope",1037911,78.5934,29.7939
8,5,True,True,Khalanga,Pithoragarh,0,green,3.04942e-08,2059.9,4,6.28156e-05,1025,"homes, lifeline road",NH9,43150,3426,"Khalanga 24,379: plains cut off; Khela 1,574: plains cut off",22,0,0,"terrain susceptibility (Stage 1), rain in the 2 days before, rain in the last 1 to 2 weeks",1022146,80.5251,29.842
9,6,True,False,NH9 Adi Kailash Parvat road near Ghasku,Pithoragarh,3,yellow,4.66184e-07,124.9,3,5.82495e-05,14,lifeline road,NH9 Adi Kailash Parvat road,3898,47,Pangla 310: plains cut off; Chhiyalekh 277: plains cut off,214,0,0,"terrain susceptibility (Stage 1), rain in the 2 days before, slope",945149,80.6774,29.9688
10,7,True,False,Ela Gad,Pithoragarh,0,green,5.3477e-08,978.5,3,5.23251e-05,504,"homes, lifeline road",NH9,18155,0,"Khela 1,574: plains cut off; Pangu 625: plains cut off",107,0,0,"terrain susceptibility (Stage 1), rain in the 2 days before, rain in the last 1 to 2 weeks",975377,80.5636,29.9189
11,8,True,False,Gothan,Pithoragarh,3,yellow,4.66184e-07,98.9,2,4.60832e-05,45,"lifeline road, homes",NH9 Adi Kailash Parvat road,2607,0,"Chhiyalekh 277: health cut off, plains cut off; Tallo Dumlin 241: health cut off, plains cut off",15,0,0,"terrain susceptibility (Stage 1), rain in the 2 days before, slope",924533,80.7395,30.0028
12,9,True,False,NH9 Adi Kailash Parvat road near Phulchimpani,Pithoragarh,3,yellow,4.66184e-07,98,2,4.56645e-05,0,lifeline road,NH9 Adi Kailash Parvat road,2976,0,"Chhiyalekh 277: health cut off, plains cut off; Tallo Dumlin 241: health cut off, plains cut off",970,0,0,"terrain susceptibility (Stage 1), rain on the day, slope",931401,80.7084,29.9915
13,1,True,True,NH34 near Jamak,Uttarkashi,0,green,5.3477e-08,810.9,3,4.33656e-05,52,lifeline road,NH34,23995,1285,"Harsil 1,773: plains cut off; Dwari 1,389: plains cut off",4271,0,0,"terrain susceptibility (Stage 1), rain on the day, slope",458598,78.5258,30.742
14,10,True,False,NH9 near Ancholi,Pithoragarh,0,green,4.71179e-09,7819,4,3.68414e-05,315,lifeline road,NH9,0,362689,"Pithoragarh 123,487: plains >= 100 km; Khalanga 26,573: plains +51.4 km",256,0,0,"terrain susceptibility (Stage 1), rain on the day, rain in the last 1 to 2 months",1191270,80.2064,29.563
15,2,True,True,Yamunotri,Uttarkashi,0,yellow,4.66184e-07,74.1,2,3.45641e-05,74,homes,,0,0,,617,0,0,"terrain susceptibility (Stage 1), slope, rain on the day",304463,78.4591,30.9932
16,11,True,False,Chhanpatta,Pithoragarh,0,green,5.3477e-08,638,3,3.41198e-05,591,homes,,0,0,,35,0,0,"rain in the 2 days before, terrain susceptibility (Stage 1), rain in the last 1 to 2 months",1044054,80.2459,29.8046
17,12,True,False,Baram,Pithoragarh,0,green,5.3477e-08,524.6,3,2.80551e-05,237,"lifeline road, homes",NH109K,0,22355,Baram 902: plains +99.7 km; Bangapani 616: plains +68.1 km,283,0,0,"terrain susceptibility (Stage 1), rain in the last 1 to 2 weeks, rain in the 2 days before",1013824,80.3542,29.8548
18,13,True,False,NH109K near Baram,Pithoragarh,3,green,5.3477e-08,471,3,2.51892e-05,151,"lifeline road, homes",NH109K,0,22355,Baram 902: plains +99.7 km; Bangapani 616: plains +68.1 km,669,0,0,"rain in the 2 days before, terrain susceptibility (Stage 1), rain in the last 1 to 2 weeks",1015200,80.3542,29.8526
19,2,True,True,NH107 near Byung,Rudraprayag,0,green,5.3477e-08,469.8,3,2.51257e-05,128,"lifeline road, homes",NH107,10682,313,"Dhargaon 1,615: plains cut off; Rampur 1,046: plains cut off",82,0,0,"terrain susceptibility (Stage 1), rain in the 2 days before, rain on the day",574385,79.0594,30.5616
20,14,True,False,Nigalpani,Pithoragarh,0,green,3.04942e-08,819.3,3,2.49832e-05,205,"lifeline road, facilities, homes",NH9,46611,0,"Khalanga 24,379: plains cut off; Khela 1,574: plains cut off",244,0,0,"terrain susceptibility (Stage 1), rain in the 2 days before, rain in the last 1 to 2 weeks",1020765,80.5122,29.8442
21,3,True,True,Suki,Uttarkashi,0,green,5.3477e-08,452.9,3,2.42176e-05,153,"lifeline road, homes",NH34,6571,110,"Harsil 1,773: plains cut off; Dharali 956: plains cut off",65,0,0,"rain in the 2 days before, terrain susceptibility (Stage 1), rain on the day",301803,78.6997,31.0023
22,1,True,True,NH9 near Swala,Champawat,0,green,4.71179e-09,4894.3,4,2.30611e-05,4,lifeline road,NH9,0,564647,"Pithoragarh 123,716: plains +32.1 km; Khalanga 26,573: plains +32.1 km",1191,0,0,"terrain susceptibility (Stage 1), rain on the day, slope",1382478,80.0648,29.2484
23,4,True,True,Jhala,Uttarkashi,0,green,5.3477e-08,420.6,3,2.24919e-05,220,"homes, lifeline road",NH34,6428,224,"Harsil 1,773: plains cut off; Dharali 956: plains cut off",68,0,0,"rain in the 2 days before, rain on the day, terrain susceptibility (Stage 1)",296298,78.6968,31.0112
24,5,True,True,Halunga,Uttarkashi,0,green,5.3477e-08,417.8,3,2.23416e-05,228,"homes, lifeline road",NH34,5303,66,"Harsil 1,773: health cut off, plains cut off; Dharali 956: health cut off, plains cut off",19,0,0,"rain in the 2 days before, terrain susceptibility (Stage 1), rain in the last 1 to 2 months",281179,78.7408,31.0368
25,15,True,False,Kalika,Pithoragarh,0,green,3.04942e-08,727,3,2.21697e-05,359,"homes, lifeline road",NH9,54793,387,"Khalanga 26,573: plains cut off; Khela 1,574: plains cut off",110,0,0,"terrain susceptibility (Stage 1), rain in the 2 days before, rain on the day",1034511,80.476,29.8215
26,6,True,False,Harsil,Uttarkashi,0,green,5.3477e-08,400.6,3,2.14223e-05,401,homes,,0,0,,182,0,0,"rain in the 2 days before, terrain susceptibility (Stage 1), rain in the last 1 to 2 months",278429,78.7459,31.0414
27,16,True,False,NH9 near Bandarlima,Pithoragarh,3,green,5.3477e-08,389.2,3,2.08146e-05,71,lifeline road,NH9,0,33100,"Didihat 6,876: plains +24.0 km; Narayan Nagar 1,023: plains +36.2 km",308,0,0,"rain on the day, terrain susceptibility (Stage 1), rain in the last 1 to 2 weeks",1099101,80.2647,29.7145
28,7,True,False,Purali,Uttarkashi,0,green,5.3477e-08,360.6,3,1.92859e-05,240,homes,,0,0,,29,0,0,"rain in the 2 days before, terrain susceptibility (Stage 1), rain in the last 1 to 2 months",285295,78.7095,31.0295
29,8,True,False,Jaspur,Uttarkashi,0,green,5.3477e-08,360.3,3,1.92671e-05,227,"homes, lifeline road",NH34,5369,206,"Harsil 1,773: plains cut off; Dharali 956: plains cut off",129,0,0,"rain in the 2 days before, terrain susceptibility (Stage 1), rain in the last 1 to 2 months",283917,78.7042,31.0317
30,17,True,False,Jaurasi,Pithoragarh,0,green,5.3477e-08,356.3,3,1.90533e-05,234,homes,,0,0,,7,0,0,"rain on the day, terrain susceptibility (Stage 1), rain in the last 1 to 2 months",1075697,80.2334,29.7527
31,18,True,False,Nankuri,Pithoragarh,0,green,5.3477e-08,349.6,3,1.8698e-05,229,"homes, lifeline road",tertiary road,3272,757,"Jaurasi 644: health cut off, plains cut off; Limabhat 267: health cut off, plains cut off",44,0,0,"rain in the 2 days before, terrain susceptibility (Stage 1), rain in the last 1 to 2 months",1079832,80.2515,29.746
32,1,True,True,Bhains Kharak,Bageshwar,0,green,3.04942e-08,593.5,3,1.80984e-05,297,"homes, lifeline road",tertiary road,9636,0,Garikut 774: plains cut off; Badiyakot 637: plains cut off,27,0,0,"terrain susceptibility (Stage 1), slope, rain in the 2 days before",885675,79.8835,30.0615
33,19,True,False,NH109K near Baram,Pithoragarh,0,green,5.3477e-08,332.5,3,1.77825e-05,83,"lifeline road, homes",NH109K,0,20531,Bangapani 616: plains +68.1 km; Mathkot 998: plains +39.8 km,574,0,0,"rain in the 2 days before, terrain susceptibility (Stage 1), rain in the last 1 to 2 weeks",1015199,80.3517,29.8526
34,20,True,False,Narayan Nagar,Pithoragarh,0,green,5.3477e-08,325.6,3,1.74129e-05,210,"homes, lifeline road",primary road,0,17480,"Didihat 6,876: plains +24.0 km; Narayan Nagar 741: plains +33.3 km, school +0.5 km",137,0,0,"rain in the 2 days before, rain in the last 1 to 2 weeks, terrain susceptibility (Stage 1)",1059202,80.2771,29.78
35,21,True,False,Kande,Pithoragarh,3,yellow,6.3718e-08,268,3,1.70735e-05,222,homes,,0,0,,42,0,0,"rain in the 2 days before, terrain susceptibility (Stage 1), rain in the last 1 to 2 months",1050939,80.2589,29.7934
36,22,True,False,secondary road near Chhirkala,Pithoragarh,0,green,5.3477e-08,317,3,1.69531e-05,82,"lifeline road, homes",secondary road,7902,11,Pangu 625: plains cut off; Sosa 364: plains cut off,983,0,0,"terrain susceptibility (Stage 1), rain on the day, rain in the last 1 to 2 months",938231,80.5789,29.9798
37,23,True,False,Bora Bunga,Pithoragarh,0,green,4.84075e-08,339.7,3,1.64423e-05,340,homes,,0,0,,20,0,0,"rain in the 2 days before, terrain susceptibility (Stage 1), rain in the last 1 to 2 months",1066058,80.2151,29.7684
38,2,True,True,Bansa,Chamoli,0,green,5.3477e-08,303.5,3,1.62312e-05,270,homes,,0,0,,80,0,0,"terrain susceptibility (Stage 1), slope, rain in the 2 days before",595170,79.4377,30.5329
39,3,True,True,NH107 near Barasu,Rudraprayag,0,green,5.3477e-08,302.9,3,1.61985e-05,53,lifeline road,NH107,7525,0,"Rampur 1,046: plains cut off; Trijugi Nārāyan 909: plains cut off",330,0,0,"terrain susceptibility (Stage 1), rain in the 2 days before, rain on the day",556486,79.0301,30.5905
40,24,True,False,Tallo Dumlin,Pithoragarh,3,yellow,7.9084e-08,200.5,3,1.58539e-05,93,"homes, lifeline road",NH9 Adi Kailash Parvat road,2848,128,"Chhiyalekh 277: health cut off, plains cut off; Tallo Dumlin 241: health cut off, plains cut off",16,0,0,"terrain susceptibility (Stage 1), rain in the 2 days before, slope",923150,80.7213,30.005
41,25,True,False,Narayan Ashram,Pithoragarh,0,green,5.3477e-08,293.5,3,1.56946e-05,228,homes,,0,0,,68,0,0,"terrain susceptibility (Stage 1), rain on the day, slope",942393,80.667,29.9733
42,9,True,False,Janki Chatti,Uttarkashi,3,yellow,6.3718e-08,242.2,3,1.543e-05,234,homes,,0,0,,124,0,0,"terrain susceptibility (Stage 1), slope, rain on the day",311337,78.4437,30.9817
43,26,True,False,Kanalichhina,Pithoragarh,0,green,3.04942e-08,492.1,3,1.50058e-05,261,"homes, lifeline road",NH9,0,135904,"Didihat 6,876: plains +10.4 km; Khalanga 26,573: plains +1.7 km",181,0,0,"rain on the day, terrain susceptibility (Stage 1), rain in the last 1 to 2 weeks",1122496,80.2727,29.6762
44,10,True,False,Lanka,Uttarkashi,0,green,5.3477e-08,278.5,3,1.48947e-05,156,homes,,0,0,,193,0,0,"rain in the 2 days before, terrain susceptibility (Stage 1), rain in the last 1 to 2 months",281223,78.8559,31.0388
45,4,True,True,Laljaman,Rudraprayag,0,green,6.3718e-08,226.8,3,1.44491e-05,204,homes,,0,0,,54,0,0,"terrain susceptibility (Stage 1), rain in the 2 days before, slope",622535,79.0349,30.4823
46,27,True,False,Charma,Pithoragarh,0,green,5.3477e-08,269.4,3,1.44081e-05,269,homes,,0,0,,19,0,0,"rain in the 2 days before, rain in the last 1 to 2 months, terrain susceptibility (Stage 1)",1074333,80.2644,29.7551
47,28,True,False,Pithoragarh,Pithoragarh,0,green,4.71179e-09,3023.8,4,1.42477e-05,2966,homes,,0,0,,84,0,0,"rain on the day, terrain susceptibility (Stage 1), slope",1181641,80.214,29.5788
48,11,True,False,Mukhba,Uttarkashi,0,green,3.04942e-08,461.6,3,1.40748e-05,357,homes,,0,0,,184,0,0,"rain in the 2 days before, terrain susceptibility (Stage 1), rain in the last 1 to 2 months",274314,78.7798,31.0488
49,29,True,False,Mangti,Pithoragarh,3,yellow,9.84067e-08,137.1,3,1.34947e-05,70,"homes, lifeline road",NH9 Adi Kailash Parvat road,2752,0,"Chhiyalekh 277: health cut off, plains cut off; Tallo Dumlin 241: health cut off, plains cut off",58,0,0,"terrain susceptibility (Stage 1), rain in the 2 days before, slope",919020,80.7161,30.0118
50,12,True,False,Bagori,Uttarkashi,0,green,3.04942e-08,440.9,3,1.34463e-05,427,homes,,0,0,,182,0,0,"rain in the 2 days before, terrain susceptibility (Stage 1), rain in the last 1 to 2 months",277052,78.7432,31.0436
51,3,False,True,NH7 near Vishnuprayāg,Chamoli,0,green,3.04942e-08,432.9,3,1.32001e-05,41,lifeline road,NH7,11537,0,"Badrinath 7,170: plains cut off; Pandukeshar 1,269: plains cut off",2525,0,0,"terrain susceptibility (Stage 1), rain in the 2 days before, slope",577335,79.5754,30.5638
53,2,False,True,unclassified road near Rikhari,Bageshwar,0,green,5.3477e-08,241.1,3,1.28934e-05,74,"lifeline road, homes",unclassified road,5508,0,Supi 973: plains cut off; Tarsal Patiyasar 814: plains cut off,172,0,0,"terrain susceptibility (Stage 1), rain on the day, slope",889837,79.9717,30.0555
56,5,False,True,Khunnu,Rudraprayag,0,green,5.3477e-08,236.2,3,1.26338e-05,150,"homes, lifeline road",unclassified road,2268,0,"Jal Malla 578: health cut off, plains cut off; Chilond 296: health cut off, plains cut off",17,0,0,"terrain susceptibility (Stage 1), rain in the 2 days before, rain on the day",555128,79.077,30.5935
60,3,False,True,Kharkiya to Kheta near Kilbara,Bageshwar,3,green,5.3477e-08,222.7,3,1.19078e-05,76,"lifeline road, homes",Kharkiya to Kheta,4569,0,"Garikut 774: health cut off, plains cut off; Badiyakot 637: health cut off, plains cut off",124,0,0,"terrain susceptibility (Stage 1), rain in the 2 days before, slope",862269,79.8467,30.0995
69,1,False,True,NH109 Nainital Road near Baloti,Nainital,0,green,4.71179e-09,2226.7,4,1.04918e-05,693,"lifeline road, homes",NH109 Nainital Road,0,960006,"Almora 80,342: plains +20.2 km; Bhimtal 28,813: plains +28.9 km",69,0,0,"terrain susceptibility (Stage 1), rain on the day, slope",1361630,79.5293,29.2775
75,4,False,True,Badiyakot,Bageshwar,0,green,3.04942e-08,326.9,3,9.96878e-06,253,homes,,0,0,,93,0,0,"terrain susceptibility (Stage 1), rain in the 2 days before, rain in the last 1 to 2 months",851264,79.8543,30.1176
76,4,False,True,Uchchhawa Gwar,Chamoli,0,green,5.3477e-08,181.9,3,9.72511e-06,148,homes,,0,0,,63,0,0,"terrain susceptibility (Stage 1), slope, rain on the day",617175,79.4097,30.4965
85,5,False,True,tertiary road near Kutera,Chamoli,0,green,5.3477e-08,154.2,3,8.24696e-06,23,lifeline road,tertiary road,4021,3170,Torti 372: plains cut off; Kheta 265: plains cut off,445,0,0,"terrain susceptibility (Stage 1), slope, rain on the day",907613,79.6817,30.0235
95,5,False,True,Kaphli Kamera,Bageshwar,0,green,5.3477e-08,136.3,3,7.28913e-06,93,homes,,0,0,,24,0,0,"terrain susceptibility (Stage 1), rain on the day, rain in the last 1 to 2 months",910461,79.9306,30.0213
140,1,False,True,indwangaon,Tehri Garhwal,0,green,9.50886e-09,498.3,3,4.73798e-06,409,homes,,0,0,,37,0,0,"terrain susceptibility (Stage 1), rain on the day, slope",618254,78.6365,30.4825
159,2,False,True,Haldwani - Bhimtal Highway near Chanda Devi,Nainital,0,green,4.71179e-09,869,3,4.09452e-06,46,lifeline road,Haldwani - Bhimtal Highway,0,931584,"Almora 80,342: plains +5.8 km; Bhimtal 28,813: plains +7.5 km",33,0,0,"terrain susceptibility (Stage 1), rain on the day, slope",1353377,79.5368,29.2911
170,2,False,True,NH507 near Danda,Tehri Garhwal,0,green,4.71179e-09,791.4,3,3.7288e-06,0,lifeline road,NH507,0,186249,"Barkot 18,422: plains +14.1 km; Purola 6,519: plains +14.1 km",351,0,0,"terrain susceptibility (Stage 1), rain on the day, slope",579474,77.9789,30.532
188,3,False,True,SH 10 Haldwani - Bhimtal Highway near Salan,Nainital,0,green,1.43939e-09,2268.2,4,3.26475e-06,71,lifeline road,SH 10 Haldwani - Bhimtal Highway,0,929052,"Almora 80,342: plains +5.8 km; Bhimtal 28,813: plains +7.5 km",136,0,0,"terrain susceptibility (Stage 1), rain on the day, slope",1343752,79.5546,29.3071
190,2,False,True,sarranu,Pauri Garhwal,0,green,3.57982e-10,9053,4,3.24081e-06,8868,homes,,0,0,,23,0,0,"rain in the last 1 to 2 months, monsoon rain since 1 June",782065,78.8169,30.2173
198,3,False,True,Pandav Gufa,Tehri Garhwal,0,green,3.57982e-10,8792.7,4,3.14764e-06,8045,homes,,0,0,,14,0,0,"terrain susceptibility (Stage 1), rain in the last 1 to 2 months, monsoon rain since 1 June",825906,78.3231,30.1359
206,4,False,True,Byura,Nainital,0,green,4.71179e-09,646.1,3,3.04438e-06,643,homes,,0,0,,66,0,0,"terrain susceptibility (Stage 1), rain on the day, slope",1369888,79.5346,29.264
230,4,False,True,Rishikesh,Tehri Garhwal,0,green,3.57982e-10,7119.6,4,2.54869e-06,6477,homes,,0,0,,22,0,0,"slope, rain in the last 1 to 2 months, monsoon rain since 1 June",830034,78.3233,30.1292
243,1,False,True,Almora,Almora,0,green,3.57982e-10,6531.3,4,2.33808e-06,6185,homes,,0,0,,44,0,0,"rain on the day, monsoon rain since 1 June, slope",1164916,79.664,29.6015
244,5,False,True,Ghughatyani Malli,Tehri Garhwal,0,green,3.57982e-10,6462.8,4,2.31357e-06,5884,homes,,0,0,,30,0,0,"terrain susceptibility (Stage 1), rain in the last 1 to 2 months, monsoon rain since 1 June",825905,78.3205,30.1359
246,3,False,True,Garasan,Pauri Garhwal,0,green,5.3477e-08,43.1,2,2.30575e-06,40,homes,,0,0,,74,0,0,"terrain susceptibility (Stage 1), slope, rain on the day",1075043,78.5432,29.7321
275,5,False,True,Baloti,Nainital,0,green,4.71179e-09,450.8,3,2.12407e-06,397,homes,,0,0,,28,0,0,"terrain susceptibility (Stage 1), rain on the day, slope",1361628,79.5241,29.2774
284,4,False,True,Khola,Pauri Garhwal,0,green,3.57982e-10,5637.6,4,2.01817e-06,5493,homes,,0,0,,21,0,0,"terrain susceptibility (Stage 1), rain in the last 1 to 2 months, monsoon rain since 1 June",782054,78.7883,30.2168
298,5,False,True,Dangchaura,Pauri Garhwal,0,green,3.57982e-10,5350.4,4,1.91535e-06,5241,homes,,0,0,,20,0,0,"terrain susceptibility (Stage 1), rain in the last 1 to 2 months, monsoon rain since 1 June",782050,78.7779,30.2166
323,1,False,True,Mussoorie Bridal Path near Makroti,Dehradun,0,green,4.71179e-09,387,3,1.82336e-06,87,"lifeline road, homes",Mussoorie Bridal Path,0,218581,"Barkot 18,422: plains +4.3 km; Mussoorie 11,591: plains +4.3 km",50,0,0,"terrain susceptibility (Stage 1), slope, rain in the 2 days before",655198,78.0971,30.4107
385,1,False,True,Kashipur,Udham Singh Nagar,0,green,3.57982e-10,4124.4,4,1.47647e-06,4093,homes,,0,0,,1213,0,0,"monsoon rain since 1 June, rain in the last 1 to 2 months, rain on the day",1402670,78.9133,29.2016
398,2,False,True,kalet,Almora,0,green,3.57982e-10,3881.2,4,1.3894e-06,3696,homes,,0,0,,28,0,0,"terrain susceptibility (Stage 1), rain on the day, monsoon rain since 1 June",1162165,79.6665,29.606
408,3,False,True,Tota AM,Almora,0,green,4.71179e-09,282.9,3,1.33276e-06,124,"lifeline road, homes",SH-14 Ranikhet Ramnagar Road,0,136844,"Chaukhutia 7,465: plains +5.3 km; Ganwali 6,728: plains +5.3 km",4,0,0,"terrain susceptibility (Stage 1), rain on the day, slope",1188127,79.1975,29.5576
436,2,False,True,bhitarli,Dehradun,0,green,3.04942e-08,40.2,2,1.22573e-06,29,"homes, facilities",,0,0,,22,0,0,"terrain susceptibility (Stage 1), slope, rain in the 2 days before",642795,78.0471,30.4299
458,2,False,True,Farid Nagar,Udham Singh Nagar,0,green,3.57982e-10,3250.3,4,1.16356e-06,3250,homes,,0,0,,52,0,0,"monsoon rain since 1 June, rain in the last 1 to 2 months, rain on the day",1404039,78.8953,29.1991
469,4,False,True,mal,Almora,0,green,3.57982e-10,3146.6,4,1.12644e-06,3063,homes,,0,0,,37,0,0,"terrain susceptibility (Stage 1), rain on the day, monsoon rain since 1 June",1171792,79.6538,29.5901
474,3,False,True,NH507 near Danda,Dehradun,0,green,1.43939e-09,772.2,3,1.11143e-06,0,lifeline road,NH507,0,186249,"Barkot 18,422: plains +14.1 km; Purola 6,519: plains +14.1 km",375,0,0,"terrain susceptibility (Stage 1), slope, rain on the day",572596,77.9838,30.5434
477,1,False,True,Roorkee,Haridwar,0,green,3.57982e-10,3086.8,4,1.10503e-06,3087,homes,,0,0,,705,0,0,"rain in the last 1 to 2 months, monsoon rain since 1 June",986728,77.8907,29.8626
478,2,False,True,Har Ki Pauri,Haridwar,0,green,3.57982e-10,3068.7,4,1.09854e-06,3005,homes,,0,0,,204,0,0,"terrain susceptibility (Stage 1), rain in the last 1 to 2 months, monsoon rain since 1 June",934546,78.1623,29.9544
487,3,False,True,Manglaur,Haridwar,0,green,3.57982e-10,3014.2,4,1.07904e-06,2832,homes,,0,0,,655,0,0,"rain in the last 1 to 2 months, monsoon rain since 1 June",1029378,77.8773,29.7924
493,4,False,True,Koti,Dehradun,0,green,5.3477e-08,20.1,2,1.07378e-06,13,homes,,0,0,,201,0,0,"terrain susceptibility (Stage 1), rain in the 2 days before, slope",620740,77.9446,30.4636
497,4,False,True,Bhagwānpur,Haridwar,0,green,3.57982e-10,2985.7,4,1.06882e-06,2970,homes,,0,0,,167,0,0,"rain in the last 1 to 2 months, monsoon rain since 1 June",935786,77.8105,29.9441
527,3,False,True,Gadarpur,Udham Singh Nagar,0,green,3.57982e-10,2774.2,4,9.931e-07,2771,homes,,0,0,,290,0,0,"rain on the day, monsoon rain since 1 June",1503248,79.2502,29.0418
540,5,False,True,Rānikhet,Almora,0,green,3.57982e-10,2693.3,4,9.64136e-07,2650,homes,,0,0,,37,0,0,"rain on the day, slope, monsoon rain since 1 June",1137307,79.4336,29.6441
562,4,False,True,Majhola,Udham Singh Nagar,0,green,3.57982e-10,2604.9,4,9.32522e-07,2602,homes,,0,0,,345,0,0,"monsoon rain since 1 June, rain on the day",1649349,79.8817,28.8093
564,5,False,True,Jhabrera,Haridwar,0,green,3.57982e-10,2599.9,4,9.30727e-07,2598,homes,,0,0,,253,0,0,"rain in the last 1 to 2 months, monsoon rain since 1 June",1018331,77.776,29.808
569,5,False,True,Har Ki Pauri,Dehradun,0,green,3.57982e-10,2568.5,4,9.19492e-07,2564,homes,,0,0,,77,0,0,"terrain susceptibility (Stage 1), rain in the last 1 to 2 months, monsoon rain since 1 June",926292,78.1671,29.9681
581,2,False,True,Lohaghat,Champawat,0,green,3.57982e-10,2500.5,4,8.95143e-07,2081,homes,,0,0,,220,0,0,"terrain susceptibility (Stage 1), rain on the day, monsoon rain since 1 June",1290294,80.084,29.3998
609,5,False,True,Jaspur,Udham Singh Nagar,0,green,3.57982e-10,2389.7,4,8.55477e-07,2286,homes,,0,0,,328,0,0,"rain on the day, monsoon rain since 1 June",1354476,78.8242,29.2791
660,3,False,True,Tanakpur,Champawat,0,green,3.57982e-10,2191.1,4,7.84391e-07,2170,homes,,0,0,,138,0,0,"rain on the day, monsoon rain since 1 June",1488449,80.1151,29.0751
1091,4,False,True,Champawat,Champawat,0,green,3.57982e-10,1218.7,4,4.36267e-07,1188,homes,,0,0,,89,0,0,"rain on the day, monsoon rain since 1 June",1330201,80.0923,29.3344
1195,5,False,True,Banbasa,Champawat,0,green,3.57982e-10,1083.2,4,3.87748e-07,1078,homes,,0,0,,229,0,0,"rain on the day, monsoon rain since 1 June, rain in the last 1 to 2 months",1537969,80.0748,28.9936
